body,title,url
"

En septiembre de 2017, la tierra tembló, los edificios se desplomaron y México se vistió de luto. Según datos oficiales, 471 personas perdieron la vida a consecuencia de los terremotos del 7 y 19 de septiembre. Fue una tragedia monumental que concentró la atención del país, detonó una gigantesca oleada de solidaridad y obligó a una movilización sostenida de recursos del Estado.

Una generación antes, en septiembre de 1985, la tierra también tembló y el desastre fue mucho peor: según el conteo oficial, 3,200 personas perdieron la vida, pero diversos recuentos extraoficiales han estimado el número de víctimas mortales en 20 mil. La desgracia provocó una movilización ciudadana ejemplar, produjo una crisis política gigante y detonó un proceso que terminaría liquidando al viejo sistema político mexicano.

Ahora adelantemos el reloj a 2020. Desde el 27 de febrero, la pandemia de Covid-19 ha provocado más de 60 mil víctimas mortales. Al ritmo actual, ese número se duplicará antes de final de año.

Esas son solo las víctimas oficialmente reconocidas. Estudios independientes y estimaciones de las propias autoridades muestran que las muertes en exceso superan entre tres y cuatro veces al número de decesos oficialmente reconocidos.

Eso significa que, en el transcurso de 2020, la pandemia acabará produciendo (directa e indirectamente) entre 360 y 480 mil víctimas mortales. Esto equivale a tener de 18 a 24 terremotos como los de 1985.

¿Y qué ha pasado? Para el tamaño de la tragedia, las repercusiones han sido muy limitadas hasta ahora. Esto no es, como uno anticiparía, el centro de la discusión pública en el país. Contrario a lo que sucedió con los sismos, el gobierno no está contra las cuerdas. Y en la sociedad, no hay una movilización amplia para tomar la causa de las víctimas.

¿Por qué un desastre mucho mayor que los sismos ha tenido un impacto político mucho menor? No lo sé de cierto, pero van algunas posibles explicaciones:

1. La pandemia es un fenómeno de víctimas solitarias. La gente está muriendo en una multiplicidad de clínicas y hospitales, cuando no en sus casas. No hay puntos focales de la tragedia, lugares donde se pueda concentrar la atención. Hay tantas víctimas en tantos lados que la mayoría se acaba volviendo invisible.

2. La pandemia afecta en altísima proporción a personas pobres y con bajos niveles de instrucción formal. De acuerdo a un estudio elaborado por un investigador de la UNAM, Héctor Hiram Hernández Bringas, 71% de las víctimas de COVID-19 no pasaron de la secundaria. La enfermedad se ceba sobre grupos demográficos con bajo peso político y baja visibilidad mediática.

3. El gobierno ha insertado en la discusión pública una condena moral a las víctimas. En esa lógica, las personas que han fallecido son responsables de su desenlace fatal, ya sea por sus malos hábitos alimenticios o por que no han seguido las instrucciones de la autoridad. Es decir, se la buscaron.

Todo lo anterior conduce a la invisibilidad de la tragedia, a víctimas que pesan poco en la discusión moral y política. Receta perfecta para que el gobierno se mantenga como indiferente espectador de la catástrofe.

Esto no puede seguir: tenemos que dar nombre e identidad a las víctimas de la pandemia. Desde los medios, hay que contar historias y no sólo cadáveres. Y desde el activismo, hay que tratar de dar voz a los que no la tienen. En Brasil, se lanzó Inumeráveis, un memorial digital dedicado a contar la historia de cada una de las víctimas del coronavirus en ese país. Tal vez en México podríamos hacer algo similar.

Es urgente que estas víctimas salgan de las sombras, antes de que se les sumen muchas más.
",,http://www.eluniversal.com.mx/opinion/alejandro-hope/estos-muertos-que-no-vemos
"
7:32 El titular de la Profeco, Ricardo Sheffield, ofrece su informe sobre “Quién es quién” en los precios de los combustibles en el país.
7:30 El presidente López Obrador agradece a los padres de familia, maestros y medios de comunicación por su apoyo para que los estudiantes puedan iniciar sus clases a distancia. 
7:20 El presidente López Obrador encabeza la ceremonia de inicio del ciclo escolar 2020-2021 que inició con un minuto de silencio por las víctimas de la pandemia de Covid-19, seguido de aplausos para el personal médico.
7:17 Esteban Moctezuma detalla que dentro de los nuevos contenidos habrá un nuevo programa llamado “Aprendiendo a amar a México” para que los niños conozcan los diversos estados del país
7:15 El secretario de Educación señala que el nuevo ciclo escolar tendrá nuevos contenidos sobre vida saludable y formación cívica y ética, porque “queremos niños y niñas incorruptibles”. 
7:12 Moctezuma Barragán destaca que las clases a distancia beneficiarán a 30 millones de alumnos a través de diversos medios.
7:09 El secretario de Educación Pública, Esteban Moctezuma Barragán, ofrece un mensaje sobre el regreso a clases. 
7:05 Inicia la conferencia de prensa del presidente López Obrador desde Palacio Nacional. 
6:55 Se espera que en breve el presidente Andrés Manuel López Obrador ofrezca su conferencia mañanera desde Palacio Nacional.   
   
Mira aquí la transmisión en directo de EL UNIVERSAL: 
  
 
",,https://www.eluniversal.com.mx/nacion/la-mananera-de-amlo-24-de-agosto-minuto-minuto
"
Lo encontraron con una niña de diez años desnuda dentro de su coche. Luis Alonso “N”, era director de recursos humanos de la Policía Municipal de Puerto Vallarta. Fue acusado de corrupción de menores y abuso sexual infantil. El primer delito lo libró gracias a que el juez Jorge Luis Solís Arana consideró que la menor no experimentó placer. En la audiencia en la que el juez planteó esta ofensiva razón para no vincularlo a proceso, estaba presente la mamá de la menor.
Conversé en entrevista con Guadalupe Ramos, Coordinadora del Comité de América Latina y el Caribe en Defensa de los Derechos de la Mujer en Jalisco. Habló de lo grave que es el que la configuración del tipo penal no se centre en la conducta delictiva, si no en el cuerpo de la niña. Me dijo que el problema “no solamente son estas declaraciones del juez, totalmente machistas, misóginas y sexistas. Además la carpeta está muy mal integrada por la propia fiscalía, es decir, aquí hay dos entes que están incurriendo en omisiones.” Pidió revisar la actuación “de la policía en Puerto Vallarta y del ayuntamiento de Puerto Vallarta porque podría existir una colusión de omisiones entre autoridades.”
Los delitos sexuales en contra de niñas y niños son un fenómeno creciente. De acuerdo con el INEGI, la tasa de violación de menores en México es de 1,764 por cada 100 mil. Están también los tocamientos, que afectan a cinco de cada cien. Muchos de los casos permanecen ocultos. Un menor afectado puede tardar décadas en hablar de lo ocurrido. Para entonces, el delito ya habrá prescrito y el abusador seguramente habrá lastimado a muchos otros niños. Se estima que de cada mil casos de abuso solo se denuncia el 10 por ciento; de esas denuncias solo 10 llegan a juicio; de esos pocos solo uno llega hasta el final del proceso y recibe sanción.
Según explica la misma Guadalupe Ramos, hay otro factor que hace que la impunidad sea aún mayor. Hablar de delitos sexuales no es la mejor promoción para un destino turístico, por lo que, en el caso de Puerto Vallarta, las autoridades intentan desalentar la presentación de denuncias y las pocas que se presentan no se atienden debidamente.
De acuerdo a la Organización Internacional para las Migraciones, alrededor de tres millones de personas viajan por el mundo buscando encuentros sexuales con menores de edad. Los destinos elegidos por esos turistas han cambiado en los últimos años. Juan Martín Pérez García, Director de la Red por los Derechos de la Infancia (REDIM), explica que “Tailandia fue por muchos años el paraíso del turismo sexual infantil junto con Filipinas, pero lograron cambios legales para reducir el fenómeno. Lo que pasó desde entonces es que los depredadores y pederastas buscaron países con fragilidad institucional y los encontraron en América Latina.” México tiene actualmente el segundo lugar a nivel mundial en turismo sexual infantil.
El año pasado la Cámara de Diputados aprobó un dictamen que estableció penas de hasta 30 años de prisión y 30 mil días de multa a quien promueva el turismo sexual con menores. En el Senado se presentó también en 2019 una iniciativa de ley para eliminar la prescripción del delito de violencia sexual. Pero los esfuerzos desde el legislativo no serán suficientes mientras no exista un combate integral desde varios frentes a este flagelo que afecta cada día a más niños en nuestro país. 

@PaolaRojas
",,http://www.eluniversal.com.mx/opinion/paola-rojas/noesplaceresviolencia
"
Una década ha transcurrido desde la masacre de los 72 migrantes en San Fernando, Tamaulipas, y aún no aparecen la verdad ni la justicia.
Desde las primeras semanas, una fuerza difícil de explicar condujo estos lamentables hechos hacia la oscura boca de la negación.
Por eso, en el presente, los esfuerzos para que esta tragedia no se olvide son extraordinarios. La autoridad responsable de investigar, desde el primer momento, se invirtió con todas sus fuerzas para que no se investigara nada.
Metió los cuerpos desnudos dentro de cajas metálicas que selló y luego envió a las familias de las víctimas con la instrucción explícita de no abrirlas.  
Diez años han pasado y no hay quien pueda explicar lo que sucedió aquel domingo 22 y el lunes 23 de agosto de 2010 en San Fernando, Tamaulipas.
Desde entonces diez personas han sido procesadas y sin embargo permanecen aún sin sentencia en primera instancia.
Cabe suponer que, en todo este tiempo, los jueces no han encontrado elementos para confirmar las acusaciones que pesan en su contra.
No hay justicia en este caso porque no ha sido posible establecer, con verdad, qué fue exactamente lo ocurrido.
Dos personas sobrevivieron a la masacre, pero su testimonio no ha servido para establecer una hipótesis verosímil.
Únicamente se conoce la identidad de Luis Freddy Lala, un menor ecuatoriano que, a pesar de haber sido herido por una bala, salvó la vida fingiendo que estaba muerto.
Cuando constató que se hallaba fuera de peligro, el joven logró llegar donde estaba un grupo de marinos que patrullaban la zona.
Su testimonio obra en el expediente, pero no hay registro de las declaraciones de los marinos que, después de escuchar al menor ecuatoriano, acudieron al sitio donde se descubrieron los cuerpos de 14 mujeres y 58 varones.
Por voz de Luis Freddy se sabe que, presuntamente, las 72 victimas perdieron la vida porque se negaron a trabajar con los criminales que luego les ultimarían a balazos por la espalda.
Sin embargo, los familiares en Guatemala, Honduras, el Salvador y Brasil, contarían más tarde que, durante los días previos, recibieron llamadas de extorsión para que pagaran un rescate de mil dólares a cambio de la vida de sus parientes.
Aunque presuntamente hubo otra persona que logró salvarse de la masacre, su nombre y paradero todavía se desconocen.
El expediente de los 72 no dice cómo murieron las personas migrantes porque no se hicieron públicas las necropsias. Si se realizaron, no llegaron jamás a manos de sus familiares.
La Procuraduría General de la República (PGR), encabezada entonces por Eduardo Medina Mora, decidió despojar a las víctimas de sus vestimentas y también de los papeles de identidad con los que viajaban.
Eligió también, deliberadamente, no practicar exámenes genéticos antes de confinar los cuerpos dentro de las cajas utilizadas como ataúd. Cuando esos restos llegaron a su destino, venían acompañados de una nota que prohibía su apertura, so pena de sufrir severos daños sanitarios.
No todos los familiares obedecieron y por eso hoy sabemos que aquellos restos arribaron irreconocibles y sin evidencia alguna que confirmaran su identidad. Al quebrar los sellos de la caja, los parientes toparon también con la mentira de la procuraduría mexicana: no había sustancia tóxica a la cual temer.
Las víctimas sufrieron tres veces, una por el cobarde asesinato, otra por la indignidad con que fueron tratados los restos de sus seres queridos y la última por el engaño de las autoridades mexicanas a quienes urgía desembarazarse de los migrantes muertos, aunque sus respectivas identidades no hubiesen sido confirmadas.
Diez años han transcurrido desde la masacre de San Fernando y no hay una sola autoridad procesada por haber obstruido a la justicia: el procurador Medina Mora se lavó las manos, lo mismo que los mandos de la Marina y el gobierno de Tamaulipas.
Y, sin embargo, las autoridades de la época conspiraron denodadamente para que este penosísimo episodio de la historia mexicana se olvidara.

ZOOM
Si, en su lectura, usted llegó hasta esta línea de la columna permítame agradecerle, a nombre de las víctimas de San Fernando, por no ser un cómplice más del silencio acuciosamente fabricado por los tres últimos gobiernos para negarle verdad y justicia a esta tragedia.  

www.ricardoraphael.com
@ricardomraphael
",,http://www.eluniversal.com.mx/opinion/ricardo-raphael/10-anos-de-la-masacre-de-san-fernando
"
Los vehículos con engomado amarillo con terminación de placas 5 y 6, holograma 1 y 2 no pueden circular, mientras que los que poseen hologramas 00 y 0 pueden hacerlo.
La restricción vehicular está vigente de las 5:00 a las 22:00 horas en la Ciudad de México, Estado de México, Tlaxcala, Puebla, Hidalgo y Morelos.
Según el programa Hoy No Circula, los vehículos que tengan holograma 1 dejarán de circular los sábados de 5:00 a 22:00 horas conforme a su placa.
Si su placa termina en número impar, el vehículo descansa el primer y tercer sábado. Si es par, descansa el segundo y cuarto sábado.
En el caso de los vehículos con holograma 2 descansan todos los sábados.

 
cg
",,https://www.eluniversal.com.mx/metropoli/este-lunes-24-de-agosto-no-circulan-autos-con-engomado-amarillo
"

Es bien conocido que al presidente Andrés Manuel López Obrador no le gusta usar cubrebocas excepto cuando está en un avión, pues es obligación debido a que se está en un espacio cerrado con docenas de personas; sin embargo, lo evita en cualquier otro lugar, porque, dice, eso le recomienda Hugo López-Gatell (contrario a lo que piden los demás especialistas y organizaciones médicas del mundo). Ante esto, nos recuerdan que el secretario estatal de Salud de Nuevo León, Manuel de la O Cavazos, declaró que si en su visita a la entidad, el jueves próximo, el Presidente no usa cubrebocas, él como médico, y como autoridad estatal, le pedirá que lo haga, pues los servidores públicos “debemos predicar con el ejemplo”. ¿Hará caso el mandatario o seguirá con los consejos, sin respaldo científico, del subsecretario?

Sauri, rumbo a la presidencia de San Lázaro

Nos dicen que de cara a la renovación de la presidencia de la Cámara de Diputados, el líder del PRI, Alejandro Moreno Cárdenas, metió fuerte la pierna en la definición de la propuesta del tricolor para presidir San Lázaro: será Dulce María Sauri, nos adelantan. Incluso, el campechano, recibió a varios cuadros que al interior de la bancada, eran empujados para ocupar el cargo para evitar desencuentros. Nos dicen que la decisión se tomó en Insurgentes Norte desde que Sauri apoyó y aprobó la realización del pasado periodo extraordinario. Nos aseguran que para el tricolor las cosas están firmes, si el PT no insiste en tomar prestados diputados de otros partidos para colocarse como tercera fuerza política y Morena respeta el acuerdo de inicio de Legislatura, la yucateca liderará al Congreso de la Unión.

Una velita en Macuspana

Quien no se guarda ningún recurso para hacerse de la dirigencia nacional de Morena es el diputado Mario Delgado. Como si fuera peregrinación a La Meca, don Mario se fue a visitar Macuspana, Tabasco, lugar de nacimiento del líder moral de Morena, a ver si se le pegaba el apoyo de los locales y la suerte del tabasqueño. Por lo pronto, presumió, el gobernador de esa entidad ya le dio su bendición, así como paisanos morenistas del presidente. Se preguntan quienes saben si además de hacer política y relaciones públicas en Macuspana, el legislador también habrá ido a prender una velita en la que fuera casa de la familia López Obrador, hoy convertida, casi, casi, en santuario.

Contra la deserción escolar

Nos comentan que esta semana, probablemente mañana, la SEP podría presentar su plan para prevenir y evitar, en lo posible, la deserción escolar, uno de los efectos más indeseados de la pandemia por Coronavirus y que podría llegar a afectar a más de 2 millones de estudiantes en todo el país. Nos cuentan que se tratará de un sistema de detección y alerta temprana. Se trata de un esquema que censará a los estudiantes inscritos, reinscritos, a quienes mantienen un vínculo con su docente y a quienes no lo hacen pero son localizables. A ver qué dice don Esteban Moctezuma Barragán, titular de la SEP, al arranque del ciclo escolar 2020-2021.
",,http://www.eluniversal.com.mx/opinion/periodistas-el-universal/haran-que-amlo-use-cubrebocas-en-nuevo-leon
"

Un nuevo ciclo escolar ha llegado pero esta vez nada será igual, todo será a distancia a través de la televisión y algunos con sus profesores atrás de una pantalla, debido a la pandemia que se vive en el mundo.

Pero la visión de los niños sobre esta situación y la manera en que se adaptan a la llamada nueva normalidad demuestra su capacidad de resiliencia y de ver el lado positivo de la vida, ejemplo de ello son los niños actores Lucca y Alessio Valentini, André y Paola Real, Alexa y Ali Monterrubio y Max Uribe, quienes abordan el tema y cómo lo están llevando.
 ""Aunque te dejen salir y lleves todas las medidas de higiene, no va a ser lo mismo porque tendrás la preocupación del distanciamiento social” MAX URIBE Actor
  

“Todo este capítulo de la historia llamado Covid y la nueva normalidad indica que las cosas no van a ser exactamente como eran antes, y no lo volverán a ser nunca, esto va a dejar marcado a cada quien”, explicó Alessio Valentini, quien ha participado en telenovelas como Vencer el miedo y Atrapada.

“Ojalá hubiéramos aprovechado el tiempo para salir. La última semana de clases yo falté tres o cuatro días, claro que no sabía, estaba grabando y ahora me arrepiento muchísimo”, dijo Ali Monterrubio, quien ha formado parte de proyectos de televisión como Cómo sobrevivir soltero y Diablo guardián.
 También lee: Por turnos, el modelo que seguirán 4 hermanitos por regreso a clases

190 DÍAS efectivos comprende el ciclo escolar 2020-202, que incia mediante tv, radio e Internet
 

Ellos, como todos los niños del país, pasaron de tomar clases en aulas a ir directo al comedor de su casa o al escritorio de su cuarto para tomar clases en línea, desde el 16 de marzo que se declaró la cuarentena y ahora inician un nuevo año escolar de la misma manera.
 “Todo este capítulo de la historia llamado Covid y la nueva normalidad indica que las cosas no van a ser exactamente como eran antes, y no lo volverán a ser nunca” ALESSIO VALENTINI Actor
  

“A mí me aburren mucho las clases en línea, es mucho mejor ir a la escuela, jugar con tus amigos, es más divertido ir a la escuela”, dice Paola Real.

Max Uribe (de la telenovela Como tú no hay 2) explica que él ya había tomado clases de esta forma, porque al estar actuando no le daba tiempo de ir a la escuela de manera presencial, pero cree que son muy diferentes las lecciones que él tomó a las que se van a dar a partir del día de hoy.

“Porque las que yo tomo nadie me está checando, ni tengo a los compañeros en la cámara, sí es un poco extraño, pero hay que acostumbrarse”.
 También lee: Lo que debes de saber sobre el regreso a clases a distancia

En una generación que está acostumbrada a las herramientas electrónicas y a las aplicaciones en sus teléfonos inteligentes, ven con extrañeza que las clases ahora sean a través de la televisión y algunos niños hasta por radio las tomarán.
 “Ojalá hubiéramos aprovechado el tiempo para salir. La última semana de clases yo falté tres o cuatro días, claro que no sabía, estaba grabando y ahora me arrepiento muchísimo” ALI MONTERRUBIO Actor
 

“Sinceramente creo que (las clases por televisión) servirán como apoyo, pero a mí se me haría más difícil tomar clases por tv que por zoom o google class room, siento que aprendo más por esos medios que por la tele”, dijo Ali Monterrubio.

Pero como todo niño y niña, ellos ven en los detalles el lado positivo de las cosas y han encontrado ventajas de estar estudiando en casa, como Max, que ve con buenos ojos que no hay hora de lunch.

3 CANALES DE TV transmitirán educación básica y dos serán para media superior

“A mí lo que me sucede es que soy bien parlachín en clase, siento que es una ventaja tener las clases virtualmente, porque en el chat privado puedes estar hablando con tu amigo —se ríe— mientras la maestra está dando la clase y así no te puede cachar”, revela Lucca.

Alexa y André hacen una observación: actualmente hay mucha gente viviendo en las calles o sin la posibilidad de quedarse en casa, por eso sienten que ellos deben ser agradecidos porque pueden estudiar y tienen la tecnología para estar cerca de sus seres queridos.

También la convivencia con sus papás es ahora algo diferente, porque antes ellos tenían sus actividades y los veían hasta llegar a casa, pero ahora que están todo el día juntos sí han tenido diferencias, algo que Alessio considera normal.
 “A mí me aburren mucho las clases en línea, es mucho mejor ir a la escuela, jugar con tus amigos, es más divertido ir a la escuela” PAOLA REAL Actriz
  

“Hay días en que ya estamos un poco hartos y tenemos pleitos, pero también me he dedicado a conocer a mi hermana; no he de negarlo, no la hemos pasado nada mal porque hay personas que la han pasado mucho peor, podemos tener diferencias y todo, pero tenemos que arreglarlo porque nos vamos a seguir viendo como un mes entero”, expresó André.

Entre las cosas que todos ellos extrañan de la vida pre pandemia, es la posibilidad de estar con sus amigos.

“Creo que todo eso es algo que vamos a seguir extrañando porque, aunque te dejen salir y lleves todas las medidas de higiene, no va a ser lo mismo porque tendrás la preocupación del distanciamiento social; será diferente pero es cosa de acostumbrarse”, comentó Max.

André explica que ellos ya comenzaron a adaptar nuevas costumbres, como dejar los zapatos fuera de su casa y lavarse las manos en cuanto llegan de la calle; cree que se harán series y programas que aborden lo que se ha vivido en este 2020.

“Yo les diría a los niñas y niños de México que tengan paciencia, porque esto ha sido un proceso muy largo y todavía se va alargar un poco; ya lograron aguantar todo, ya se llevan casi seis meses de cuarentena y falta poco”, finalizó Alessio.
",,http://www.eluniversal.com.mx/espectaculos/ninos-estrella-vuelven-clases
"

El comunicado técnico diario de la Secretaría de Salud del gobierno federal informa que al 23 de agosto hay registro de 60 mil 480 muertos y 560 mil 164 casos confirmados acumulados de coronavirus en México.

Al 23 de agosto, la Secretaría de Salud estima que existen 595 mil 144 casos positivos de Covid-19 y 62 mil 241 defunciones por esta enfermedad.

Lee también: ""Pandemia ya está cediendo"", dice AMLO pese a 60 mil muertos

Casos de coronavirus por estado al 23 de agosto

Entidad federativa: 

Aguascalientes

Baja California

Baja California Sur

Campeche

Chiapas

Chihuahua

Ciudad de México

Coahuila

Colima

Durango

Estado de México

Guanajuato

Guerrero

Hidalgo

Jalisco

Michoacán

Morelos

Nayarit

Nuevo León

Oaxaca

Puebla

Querétaro

Quintana Roo

San Luis Potosí

Sinaloa

Sonora

Tabasco

Tamaulipas

Tlaxcala

Veracruz

Yucatán

Zacatecas

Casos de coronavirus en Aguascalientes

Al 23 de agosto Aguascalientes registra 5,179 casos confirmados de coronavirus y 366 muertos por Covid-19. La tasa de incidencia es 361 casos por cada 100 mil habitantes.

Casos confirmados

5,179

Casos negativos

10,499

Casos sospechosos

413

Muertos

366

Tasa de incidencia*.  

361

 Semáforo Covid

Rojo

Volver al inicio.

Casos de coronavirus en Baja California

Baja California es uno de los estados con mayor incidencia de coronavirus: 440.1 casos por cada 100 mil habitantes. La entidad registra 3,017 muertos y 15,997 casos confirmados por Covid-19.

Casos confirmados

15,997

Casos negativos

9,231

Casos sospechosos

988

Muertos

3,017

Tasa de incidencia*.  

440.1

Semáforo Covid**:

Naranja

Volver al inicio.

Casos de coronavirus en Baja California Sur

BCS contabiliza 6,931 casos confirmados de Covid-19, 313 muertos y una incidencia de 861.31 casos por cada 100 mil habitantes.

Casos confirmados

6,931

Casos negativos

8,416

Casos sospechosos

344

Muertos


313


Tasa de incidencia*.  

861.31

Semáforo Covid**:

Rojo

Volver al inicio.

Casos de coronavirus en Campeche

Campeche es el estado de la Península de Yucatán con menos número casos confirmados de coronavirus, al sumar 5,351. Al 23 de agosto, contabiliza 727 muertos por la epidemia de coronavirus y una incidencia de 534.77.

Casos confirmados

5,351

Casos negativos

4,679

Casos sospechosos

276

Muertos

727

Tasa de incidencia*.  

534.77

Semáforo Covid**: 

Amarillo

Volver al inicio.

Casos de coronavirus en Chiapas

El estado de Chiapas ha registrado 988 muertos por coronavirus, 6,169 casos confirmados y una incidencia de 107.65 casos confirmados de Covid-19 al 23 de agosto.

Casos confirmados

6,169

Casos negativos

3,716

Casos sospechosos

272

Muertos

988

Tasa de incidencia*.  

107.65

Semáforo Covid**: 

Naranja 

Volver al inicio.

Casos de coronavirus en Chihuahua

En Chihuahua hay registro de 7,269 casos confirmados de coronavirus y 1,074 muertos. La tasa de incidencia es de 191.215 casos por cada 100 mil habitantes.

Casos confirmados

7,269

Casos negativos

7,005

Casos sospechosos

2,724

Muertos

1,074

Tasa de incidencia*.  

191.21

Semáforo Covid**: 

Naranja 

Volver al inicio.

Casos de coronavirus en CDMX

La Ciudad de México es la entidad con más casos y muertos por coronavirus: 92,096 y 10,159 respectivamente. La tasa de incidencia de Covid-19 en la CDMX es la más alta en el país, con 1021.17 casos por cada 100 mil habitantes.

Lee también: Sheinbaum busca que festejos patrios sean simbólicos en CDMX

Casos confirmados

92,096

Casos negativos

140,535

Casos sospechosos

15,105

Muertos

10,159

Tasa de incidencia*.  

1021.17

Semáforo Covid**: 

Naranja

Volver al inicio.

Casos de coronavirus en Coahuila

Coahuila suma 19,874 casos confirmados y 1,236 muertos por coronavirus; la incidencia de Covid-19 en la entidad es de 617.45.

Casos confirmados

19,874

Casos negativos

25,449

Casos sospechosos

2,789

Muertos

1,236

Tasa de incidencia*.  

617.45

Semáforo Covid**: 

Naranja

Volver al inicio.

Casos de coronavirus en Colima

Colima es el estado con menos casos confirmados de Covid-19 en México, con 3,265 y 365 muertos por la epidemia.

Casos confirmados

3,265

Casos negativos

2,444

Casos sospechosos

122

Muertos

365

Tasa de incidencia*.  

415.84

Semáforo Covid**:

Rojo

Volver al inicio.

Casos de coronavirus en Durango

En el estado de Durango se tienen registrados 5,867 casos confirmados de Covid-19 y 391 muertos. 

Casos confirmados

5,867

Casos negativos

11,050

Casos sospechosos

1,040

Muertos

391

Tasa de incidencia*.  

313.91

Semáforo Covid**: 

Naranja

Volver al inicio.

Casos de coronavirus en Edomex

El Estado de México ocupa la segunda posición con mayor número de casos confirmados: 64,595 y 7,654 defunciones. La tasa de incidencia de Covid-19 en la entidad mexiquense es de 370.64.

Lee también: Programación Aprende en Casa 2 Edomex Primaria del 24 al 28 de agosto

Casos confirmados

64,595

Casos negativos


73,170


Casos sospechosos

24,257

Muertos

7,654

Tasa de incidencia*.

370.64

Semáforo Covid**: 

Naranja

Volver al inicio.

Casos de coronavirus en Guanajuato

Guanajuato contabiliza 28,620 casos confirmados y 1,582 fallecimientos por Covid-19. La incidencia es de 459.52 casos por cada 100 mil guanajuatenses.

Lee también: Municipios con coronavirus en Guanajuato | Covid-19

Casos confirmados


28,620


Casos negativos

37,974

Casos sospechosos

2,883

Muertos

1,582

Tasa de incidencia*.  

459.52

Semáforo Covid**: 

Naranja

Volver al inicio.

Casos de coronavirus en Guerrero

Al 23 de agosto en Guerrero se han registrado 14,116 casos y 1,596 muertes por Covid-19. 

Casos confirmados

14,116

Casos negativos

9,487

Casos sospechosos

804

Muertos

1,596

Tasa de incidencia*.  

385.99

Semáforo Covid**: 

Naranja 

Volver al inicio.

Casos de coronavirus en Hidalgo

Hidalgo tiene 9,454 casos confirmados y 1,470 muertos por coronavirus, además de una tasa de incidencia de 306.31 casos por cada 100 mil hidalguenses.

Casos confirmados

9,454

Casos negativos

6,634

Casos sospechosos

483

Muertos

1,470

Tasa de incidencia*.  

306.31

Semáforo Covid**: 

Rojo

Volver al inicio.

Casos de coronavirus en Jalisco

El estado de Jalisco suma 18,355 casos confirmados y 2,226 muertos por coronavirus. La tasa de Covid-19 en el estado es de 218.26 casos por cada 100 mil habitantes.

 

Casos confirmados

18,355

Casos negativos

28,399

Casos sospechosos

2,661

Muertos

2,226

Tasa de incidencia*.  

218.26

Semáforo Covid**: 

Naranja

 Volver al inicio.

Casos de coronavirus en Michoacán

Los casos confirmados de Covid-19 en Michoacán suman 13,692  al 23 de agosto; en el estado han muerto 1,059 personas por coronavirus. La tasa de esta enfermedad es de 283.75 casos por cada 100 mil habitantes.

Casos confirmados

13,692

Casos negativos

20,779

Casos sospechosos

1,608

Muertos

1,059

Tasa de incidencia*.  

283.75

Semáforo Covid**:  

Naranja

Volver al inicio.

Casos de coronavirus en Morelos

Sobre la epidemia de coronavirus, el estado de Morelos ha registrado 4,972 casos confirmados, 944 muertos y una incidencia de 243.24.

Casos confirmados

4,972

Casos negativos

5,102

Casos sospechosos

281

Muertos

944

Tasa de incidencia*.  

243.24

Semáforo Covid**:  

Naranja

Volver al inicio.

Casos de coronavirus en Nayarit

En Nayarit, 537 personas han muerto por Covid-19; al 23 de agosto se han registrado 4,680 casos confirmados.

Casos confirmados

4,680

Casos negativos

3,465

Casos sospechosos

121

Muertos

537

Tasa de incidencia*.  

363.19

Semáforo Covid**:  

Rojo 

Volver al inicio.

Casos de coronavirus en Nuevo León

En Nuevo León ha habido 2,000 decesos por Covid-19 y 26,487 casos confirmados. 

Casos confirmados

26,487

Casos negativos

33,928

Casos sospechosos

2,423

Muertos

2,000

Tasa de incidencia*  

472.12

Semáforo Covid**:  

Naranja

Volver al inicio.

Casos de coronavirus en Oaxaca

Al día 23 de agosto Oaxaca registra 12,994 casos confirmados de coronavirus y 1,193 muertos por Covid-19. 

Lee también: Covid-19: pese a nuevo riesgo, trabajadores sexuales no pueden parar ni quedarse en casa

Casos confirmados

12,994

Casos negativos

5,530

Casos sospechosos

753

Muertos

1,193

Tasa de incidencia*.  

313.59

Semáforo Covid**:  

Naranja

Volver al inicio.

Casos de coronavirus en Puebla

El estado de Puebla tiene 25,586 casos confirmados de coronavirus y 3,321 muertos por Covid-19 al 23 de agosto.

Lee también: SEP Puebla pagará el 28 de agosto a profesores de inglés 

Casos confirmados

25,586

Casos negativos

25,455

Casos sospechosos

3,648

Muertos

3,321

Tasa de incidencia*.  

387.341

Semáforo Covid**:  

Naranja 

Volver al inicio.

Casos de coronavirus en Querétaro

De acuerdo con los datos de la Dirección General de Epidemiología, Querétaro registra 5,591 casos confirmados, 655 muertos y una incidencia de 245.26 de Covid-19.

Lee también: Abuelita de 102 años supera Covid-19 en Querétaro

Casos confirmados

5,591

Casos negativos

4,381

Casos sospechosos

158

Muertos

655

Tasa de incidencia*.  

245.26

Semáforo Covid**:  

Naranja

Volver al inicio.

Casos de coronavirus en Quintana Roo

Al 23 de agosto, QRoo es una de las entidades con mayor tasa de incidencia de Covid-19 en México. El estado de Quintana Roo tiene 9,806 casos confirmados de coronavirus y 1,312 muertos.

Casos confirmados

9,806

Casos negativos

6,007

Casos sospechosos

593

Muertos

1,312

Tasa de incidencia*.  

569.04

Semáforo Covid**:  

Naranja 

Volver al inicio.

Casos de coronavirus en San Luis Potosí

El estado de San Luis Potosí ha registrado 984 muertos, 16,065 casos confirmados y una incidencia de 560.51 casos confirmados de Covid-19 al 23 de agosto.

Lee también: ""Tu hermano ya no tenía pulmones, el Covid-19 'se los comió'""

Casos confirmados

16,065

Casos negativos

17,979

Casos sospechosos

2,513

Muertos

984

Tasa de incidencia*.  

560.51 

Semáforo Covid**:  

Naranja

Volver al inicio.

Casos de coronavirus en Sinaloa

Sinaloa contabiliza 15,359 casos confirmados de Covid-19, 2,666 fallecimientos y una incidencia de 486.56 casos por cada 100 mil habitantes.

Casos confirmados


15,359


Casos negativos

11,032

Casos sospechosos

1,164

Muertos

2,666

Tasa de incidencia*.  

486.56

Semáforo Covid**:  

Naranja

Volver al inicio.

Casos de coronavirus en Sonora

En Sonora se han confirmado 20,705 casos de coronavirus al 23 de agosto. Además se han registrado 2,518 fallecimientos. 

Casos confirmados

20,705

Casos negativos


13,585


Casos sospechosos

2,540

Muertos

2,518

Tasa de incidencia*.  

673.39

Semáforo Covid**:  

Naranja

Volver al inicio.

Casos de coronavirus en Tabasco

En Tabasco, la tasa de incidencia de coronavirus es de 1051.79 casos por cada 100 mil habitantes.

Tabasco es uno de los estados con más casos confirmados de coronavirus en el país, con 27,055, y 2,463 muertes por Covid-19.

Casos confirmados

27,055

Casos negativos

23,669

Casos sospechosos

784

Muertos

2,463

Tasa de incidencia*.  

1051.79

Semáforo Covid**:  

Naranja 

Volver al inicio.

Casos de coronavirus en Tamaulipas

Tamaulipas ha sumado 22,806 casos confirmados de coronavirus al 23 de agosto y 1,691 personas muertas a causa de la pandemia. 

Casos confirmados

22,806

Casos negativos

27,609

Casos sospechosos

4,714

Muertos

1,691

Tasa de incidencia*.  

624.72

Semáforo Covid**:  

Naranja

Volver al inicio.

Casos de coronavirus en Tlaxcala

Tlaxcala fue el último estado en registrar casos confirmados de Covid-19 en México. Al 23 de agosto contabiliza 5,981 y 866 decesos.

Casos confirmados

5,981

Casos negativos

10,440

Casos sospechosos

579

Muertos

866

Tasa de incidencia*.  

433.4

Semáforo Covid**:  

Naranja 

Volver al inicio.

Casos de coronavirus en Veracruz

Hay 26,971 casos confirmados de coronavirus en Veracruz y 3,466 muertos al 23 de agosto. 

Casos confirmados

26,971

Casos negativos

13,408

Casos sospechosos

2,356

Muertos

3,466

Tasa de incidencia*.  

315.82

Semáforo Covid**:  

Naranja

Volver al inicio.

Casos de coronavirus en Yucatán

Yucatán cuenta con 13,596 casos confirmados de coronavirus y 1,229 muertos por Covid-19. En la entidad, la tasa de incidencia es de 601.83 casos por cada 100 mil habitantes.

 

 

Casos confirmados

13,596

Casos negativos


11,943


Casos sospechosos

562

Muertos

1,229

Tasa de incidencia*.  


601.83


Semáforo Covid**:  

Naranja

Volver al inicio.

Casos de coronavirus en Zacatecas

En Zacatecas se tiene registro de 4,680 casos confirmados y 412 muertos por coronavirus.

Casos confirmados

4,680

Casos negativos

5,779

Casos sospechosos

240

Muertos

412

Tasa de incidencia*.  


280.84


Semáforo Covid**:  

Rojo 

* La tasa de incidencia se refiere al número de casos confirmados de Covid-19 por cada 100 mil habitantes. 

** Semáforo Covid vigente en la entidad. 

Los datos para la elaboración de este contenido forman parte de la información que genera la Dirección General de Epidemiología, y que es presentada en el Mapa de casos acumulados por entidad federativa de residencia.

Volver al inicio.
",,https://www.eluniversal.com.mx/estados/casos-confirmados-de-covid-19-al-23-de-agosto-en-mexico-estado-por-estado
"

“Pocas veces he visto tanto fuego devorando mis facciones como cuando los recuerdos, muy gratos recuerdos, hicieron aflorar el rubor del placer”, le escribía en el siglo XVIII la escritora inglesa Mary Wollstonecraft (Mary Shelley, la autora de Frankestein) a su amante. El erotismo a larga distancia se ha amoldado a las herramientas disponibles de cada época. Los sutiles intercambios epistolares de otros tiempos, hoy han dado paso a las imágenes concretas y los mensajes sin rodeos intercambiados en aplicaciones tecnológicas que se transmiten a gran velocidad dándole una vía de escape al aislamiento.

Ana y Francisco convivieron más de un año apenas cruzando saludos y mediante alguna charla de pasillo. Asistían al mismo gimnasio antes de la pandemia, pero después de la llegada del virus, Ana descubrió un saludo en WhatsApp de alguien que había conseguido su teléfono. Descubrió que se trataba de aquel hombre con el que nunca le interesó hablar más de cinco minutos; sin embargo, desde el primer mensaje la curiosidad creció. Al poco tiempo hablaban de sus películas favoritas, canciones de adolescencia y los sueños de la noche anterior. El tono fue subiendo, pero aceptado de buena gana por ambos. Lo que parecía una relación imposible en vivo y en directo se convirtió en un tórrido romance tras la pantalla de un celular.

En tiempos de pandemia, las relaciones de pareja parecen construirse con viejos y nuevos códigos que especialistas en todo el mundo tratan de entender a través de estudios que buscan convertir la anécdota en datos útiles. El doctor Eusebio Rubio-Aurioles, fundador de la Asociación Mexicana para la Salud Sexual, A.C. (Amssac) dice que la combinación entre pandemia y avances tecnológicos ha generado modificaciones vinculadas a las interacciones sexuales. “Esto no es sorprendente: en otras épocas estos acercamientos eróticos se daban mediante cartas. Los medios de comunicación que se han venido agregando también son formas de comunicación sexual que ofrece nuevas alternativas”.

Para el especialista, es muy importante tener cuidado con las generalizaciones, sobre todo al referirse a la vida de las parejas; sin embargo, hay fenómenos en común que se viven en todo el mundo. La soledad, el estrés y los altibajos económicos desencadenan también cambios en la conducta sexual, pero para analizar sin especulaciones, las encuestas se han convertido en herramientas para entender similitudes y diferencias que plantean nuevos retos para interrelacionarnos. “Para construir ciencia, conocimiento y bienestar en cualquier área es indispensable saber lo que sucede” dice Rubio y agrega que la especulación es muy diferente a la evidencia que arrojan las respuestas de las personas sobre esta vida íntima.

Hoy se realizan ambiciosos estudios en el mundo para entender las dinámicas de las parejas frente a la pandemia. El Instituto Kinsey, fusionado a la Universidad de Indiana convocó, prácticamente desde el inicio de la pandemia, a la participación voluntaria y abierta para comprender la vida romántica y sexual de los adultos.

“Este virus y los cambios sociales resultantes son nuevos para casi todos nosotros, y este evento puede estar uniendo o separando a las personas de maneras que no hemos visto o estudiado anteriormente. Desarrollar una mejor comprensión de cómo se sienten y se comportan las personas en contextos de emergencia es importante tanto para la investigación como para la práctica clínica, con el fin de analizar los resultados positivos y negativos, y prepararse para el futuro” dicen especialistas del instituto de investigación en sexo, género y reproducción.
 También lee: Psicóloga pide no culpar al alcohol de violencia

Otro estudio de largo aliento es el que realizan investigadores del área de ciencias del comportamiento y el cerebro del Departamento de Psicología de la Universidad de Georgia. El proyecto Amor en los tiempos de Covid tiene como objetivo determinar cómo la pandemia está afectando las relaciones de las personas en diferentes países y culturas; así como saber qué tipos de personas son más vulnerables psicológicamente a sus efectos.

El doctor Rubio explica que México formará parte de un magno estudio internacional de 33 países; es una encuesta convocada por la Universidad de Gante, en Bélgica, que busca ver los cambios en la conducta sexual por el confinamiento, pero que también busca obtener más conocimiento sobre aspectos de la salud reproductiva durante la contingencia, como atención en los embarazos, cuidado prenatal y acceso a los anticonceptivos.

“Todas las emergencias sanitarias en general dejan en el descuido la salud sexual. Lo importante es tener muestras representativas y en este sentido vamos a tratar de conseguir la participación de los mayores núcleos de población del país e intentar que también se abarquen segmentos de la población poco favorecidos (que no son los que suelen participar en las encuestas en línea). Se trata de tener un panorama del país, pero también de poder compararlo con otros. Se requiere encontrar patrones para enfrentar otras circunstancias parecidas a las que estamos viviendo actualmente”, señala el especialista

Del entendimiento a la violencia

Amssac ya ha podido brindar una muestra del impacto de la pandemia en la conducta sexual de los mexicanos mediante los resultados de su encuesta Sexualidad y Covid-19 que integró las respuestas de mil 785 individuos con un promedio de 40 años, pero un rango que abrió la invitación de los 18 a los 80 años.

Rubio considera que hay algunos puntos fundamentales que destacar sobre los resultados de esta encuesta. Uno de ellos es que aunque la pandemia ha traído consigo un impacto en la vida erótica de las personas los cambios en la conducta sexual no son universales, sino determinados por las condiciones en las que se habita. Las restricciones en los espacios y momentos de privacidad alteran el comportamiento sexual dependiendo de si se vive en pareja, con niños, solos o en familia ampliada.

El especialista reporta una disminución en las relaciones coitales en donde habitan más de dos personas, mientras que otras formas de interacción erótica, como videollamadas y mensajes de texto, muestran un aumento tanto en gente que vive sola como en la que habita en privacidad disminuida. Otra parte importante en la encuesta es la medición de violencia y salud mental. La conducta sexual parece ser un termómetro de la presencia de otros problemas que la pandemia puede volver más evidentes como la presencia de diferentes tipos y niveles de violencia, así como problemas en la salud mental como depresión, ansiedad y estrés.

Aunque para el especialista es muy difícil saber si la experiencia de la pandemia cambiará en algo las formas de interrelacionarnos con otros a futuro, cuando menos lo que dure la pandemia tal parece que la velocidad para acercarse eróticamente disminuirá.

“Había una tendencia en aumento sobre la rapidez en el proceso de conocer a alguien para tener actividad sexual, pero ante el temor de la infección los patrones de conecte sexual se vuelven más lentos por el intento de conocer más de la persona para conocer sus dinámicas y evitar el contagio”, comenta, y puntualiza que la cautela quizá también brinde la oportunidad de conocer más a la persona más allá
de sólo aspirar al encuentro sexual y para quien busca una relación con mayor trascendencia emocional quizá esta disminución de esta velocidad puede ser positiva.
",,http://www.eluniversal.com.mx/ciencia-y-salud/el-amor-en-tiempos-de-covid-19
"
La semana pasada, en una serie de tuits, la secretaria de la Función Pública acusó a la revista Nexos de falsificar un comprobante del Infonavit “para ocultar sus deudas en aportaciones patronales”, defraudar los derechos de sus trabajadores y obtener “adjudicaciones millonarias”. La revista fundada en 1978 por Héctor Aguilar fue inhabilitada durante dos años para celebrar cualquier tipo de contratos con el gobierno federal y los gobiernos estatales, y se le impuso, además, una multa por casi un millón de pesos.
La adjudicación “millonaria” a que se refiere la funcionaria es por un monto de 66 mil pesos más IVA. El supuesto ocultamiento de deudas para defraudar los derechos de los trabajadores y obtener adjudicaciones millonarias procede de un reparo burocrático, posiblemente un error de la administración pública, que quedó zanjado hace dos años. En medio del escándalo que se desató, uno de los funcionarios de la SFP, Jesús Robles Maloof, se refirió a los colaboradores de Nexos que habían alzado la voz en defensa de la revista como “secuaces” de Aguilar Camín.
La guerra de lodo contra Nexos, una revista que dejó de recibir publicidad del gobierno federal desde 2018, arreció en redes sociales desde que esta publicación dio a conocer con datos irrefutables la verdadera dimensión de la pandemia de Covid-19 en México, cuyas cifras han sido sistemáticamente subregistradas por el gobierno federal. El hecho de dar visibilidad de esta información, en un momento en el que país se encaminaba con el acelerador a fondo al peor de los escenarios imaginados, colocó a la revista en el centro de la discusión nacional, e incluso internacional, y dinamitó el discurso triunfalista de la administración.
Los “secuaces” de Aguilar Camín han dado a conocer también en Nexos estudios incontestables sobre energías limpias, en los que se contrasta la política energética del gobierno de Andrés Manuel López Obrador —que en sentido contrario al resto del mundo propone la vuelta al carbón, el petróleo, el combustóleo…
La multa que la Secretaría de la Función Pública impuso al hijo de Manuel Bartlett por venderle al IMSS con precios inflados 20 ventiladores respiratorios (19 veces más arriba de su precio en el mercado), de los cuales, además, once llegaron rotos y en mal estado, ascendió a dos millones de pesos: la empresa de León Manuel Bartlett le había cobrado al IMSS, por aquel equipo médico, 31 millones.
La multa a la revista por un contrato de publicidad celebrado con el IMSS por 66 mil pesos más IVA, fue de casi un millón de pesos (12 veces mayor al monto del contrato), y vino acompañada por una campaña de desprestigio que se puede ilustrar con el tuit, arriba citado, del burócrata Robles Maloof. En las horas posteriores al comunicado y los tuits de la secretaria Sandoval, diversos “secuaces” de Nexos, algunos de ellos incrustados, con cargos relevantes, en la 4T, se refirieron al papel que la revista ha jugado en la reflexión, el análisis, la comprensión social, cultural y económica de la vida mexicana en los últimos 40 años: citaron el respeto y la convivencia de distintas líneas de pensamiento.
Hoy resulta obvio que un gobierno que se ha caracterizado por no aceptar ni reflexión ni análisis, tampoco comprensión de otra realidad que no sea la enunciada cada mañana desde el Palacio Nacional —¿un gobierno, ahora sí, en busca de secuaces?—, se dio a la tarea de desempolvar viejos documentos que le ayudaran a ahogar a una publicación incómoda.
La revista entregó documentación para participar en la campaña del IMSS “Chécate, mídete, muévete”, en la que tomaron parte decenas de empresas y para la que se asignaron 72 millones 313 mil 226 pesos Entre esos documentos figuraba una constancia de no adeudo al Infonavit que la revista había obtenido de manera digital, el 24 de mayo de 2018, en la página de ese instituto.
El 17 de mayo la revista había pagado las cuotas correspondientes.
No queda claro por qué —los abogados de Nexos suponen que hubo un fallo o el pago no se reflejó de inmediato en el sistema—, el IMSS solicitó una constancia de pagos actualizada. Según los documentos del caso, la constancia se entregó: el 25 de junio de 2018, se declaró concluido el procedimiento conciliatorio, y se declaró el asunto “total y definitivamente concluido”.
El contrato quedó firmado, y la plana de publicidad se publicó en tiempo y forma.
Dos años más tarde la revista fue notificada de que se iba a reiniciar el procedimiento y con extraña celeridad la revista fue inhabilitada y multada.
El mes en el que según la secretaria Nexos falsificó documentos para defraudar a sus trabajadores y lograr adjudicaciones “millonarias”, la revista pagó por concepto de cuotas 89, 808.74 pesos. Es decir, más del monto “millonario” recibido, al que hace alusión en sus tuits la secretaria Sandoval.
Aclaro que fui subdirector de Nexos durante más de diez años. Hace casi año y medio que no formo parte del equipo editorial, ni tengo relación alguna con la empresa. Escribo, simplemente, porque en esos años libres, de aprendizaje y fecundidad, de creatividad e imaginación sin límites, me sentí orgulloso de formar parte de una tradición: del papel que la revista y sus colaboradores han jugado en las últimas cuatro décadas en la búsqueda de un camino mejor: un camino democrático para México.
A la vista de los documentos consultados, no puede entenderse esta campaña oscura, sino como una forma de censura indirecta: un intento de acallar a una revista incómoda.
 

@hdemauleon[email protected]
",,http://www.eluniversal.com.mx/opinion/hector-de-mauleon/nexos-una-senal-ominosa
"
En política, lo sabemos, no hay casualidades. No puede serlo por tanto el hecho de que cuando el presidente expresa su deseo de que se conozcan los videos sobre el soborno de opositores, empiece a circular uno surgido de quién sabe dónde. Y que cuando Amlo dice que sería bueno difundir las declaraciones de Emilio Lozoya porque servirán para purificar la vida pública, aparece de la nada. La Fiscalía General (FGR) se deslinda de haberlo circulado, porque podría incurrir en delito. Pero es probable, por simple lógica, que la FGR esté haciéndole el juego a López Obrador en su manejo político del escándalo. Les urge más la rentabilidad  político-electoral del caso que sentar un precedente sólido para cambiar la endémica impunidad en México.  
Pero cayó como pedrada el video del hermano incómodo del presidente, Pío López Obrador (PIOLO), recibiendo dinero de Daniel León, un asesor del entonces gobernador de Chiapas, Manuel Velasco. Eso demerita fuertemente el poderoso discurso anti-corrupción de Amlo, le resta autoridad moral y credibilidad como un ser inmaculado cuyo plumaje jamás se mancha. Resulta que el video es una pequeña muestra lo que muchos habían supuesto; que durante la larga campaña política de Amlo, de doce años, recibió algo más que las regalías de sus libros para sostenerse, recorrer varias veces el país entero y hacer campaña. No es cuestión sólo de las cantidades visibles en ese video; lo cual recordó al ex-alcalde de Nayarit, Hilario Ramírez, “Layín”: “Sí robo, pero poquito”. No, es una cuestión cualitativa, de un partido que se presenta a sí mismo como impoluto, como “referente moral”. Asegura no incurrir en las sucias prácticas que los demás, pero lo hace, aunque (aparentemente) poquito. Si son los adversarios, es corrupción; si son aliados, es cooperación. Fariseísmo político. 
¿Resulta creíble que un asesor del gobernador, miembro del PVEM, se ponga a recoger dinero de entre el pueblo humilde para un partido ajeno, distinto e incluso rival a la coalición a la que pertenecía? ¿Y que grabara él mismo esos momentos, como hacen quienes cometen un trato ilícito para protegerse eventualmente o intimidar a su interlocutor? Por lo que cabe preguntar, ¿cuánto más pudo recibir Morena por parte del gobernador chiapaneco en los siguientes años? Es evidente que desde 2015, al menos, Velasco tejía una prometedora alianza política con Amlo. No parece casual el trato privilegiado al ex gobernador Velasco. Los candidatos a Morena para la gubernatura y el Senado en 2018 eran gente de Velasco. Una vez pasada la elección, la bancada de Morena en el Senado tuvo la deferencia de brindarle un anti-constitucional permiso para que, sin renunciar a su curul, pudiera terminar su mandato como gobernador, violando con ello el artículo 72 constitucional. En ese lance se violentaron también los artículos 55, 116 y 125 constitucionales, pero, ¿qué importa, tratándose de una valiosa y redituable alianza política? Desvió Velasco casi 700 millones de un programa para mujeres a empresas fantasma, reportó la Auditoría Superior. Pero se le condonaron, y en el Senado Morena lo protege de comparecer por ello. Cabe entonces la pregunta ¿cuántos gobernadores, políticos encumbrados y empresarios cupulares habrán donado “aportaciones ciudadanas” al movimiento obradorista, por lo que hoy también gozan de una situación privilegiada con Amlo? La lista seguramente es larga.  
Además, por la donación de fondos a don Pío se pudo incurrir en delito electoral. El artículo 15 de la Ley General en Materia de Delitos Electorales penaliza, incluso sin ser servidor público,  a quien “por sí o por interpósita persona realice, destine, utilice o reciba aportaciones de dinero o en especie a favor de algún precandidato, candidato, partido político, coalición o agrupación política cuando exista una prohibición legal para ello”. Desde luego, no habrá ninguna consecuencia legal de esto.  Al contrario, se compara el hecho con las aportaciones patrióticas de Leona Vicario. Traducción: no importa si tales aportaciones violan la ley, sino la grandeza de la causa a la que sirve. Por fortuna para Amlo, cuenta con millones de devotos que le creen absolutamente todo lo que diga, lo que sea, por encima de la realidad, de indicadores concretos o de la lógica más elemental. Con eso le basta, y por ello ni siquiera intenta convencer a sus críticos y disidentes con argumentos persuasivos. En ello radica su fuerza real.   

Profesor afiliado del CDIE  
@JACrespo1 
",,http://www.eluniversal.com.mx/opinion/jose-antonio-crespo/el-pueblo-humilde-o-manuel-velasco
"

La corrupción no se combate con escándalos sino atajando causas y conductas. Cuando los países de Europa del Este salieron del control soviético, casi todos (incluyendo a Rusia) entraron en una dinámica de corrupción que fue mitigándose, a muy duras penas, cuando la sociedad comenzó a exigir parámetros explícitos sobre el origen, el uso y el destino del dinero público.

Lo mismo sucedió en la India y en el Magreb: el viento de los escándalos no sirvió más que para avivar el fuego, pero no consiguió evitar la captura privada de los recursos públicos. El caso de América Latina es similar: la pesca de los peces gordos, tan aplaudida por los políticos de turno, no ha servido para purificar las aguas donde nadan.

De entrada, aunque se repita mil veces desde la palestra, la corrupción no es un delito sino una anomalía. Los delitos son las conductas tipificadas en la ley que, a fuerza de repetirse y normalizarse, llegan a convertirse en un sistema. El fenómeno y los delitos por hechos de corrupción están vinculados pero son cosas distintas. Enlisto: el ejercicio ilícito de servicio público, el abuso de autoridad, la coalición de servidores públicos, el uso ilícito de atribuciones y facultades, la remuneración ilícita, la conclusión, la intimidación, el ejercicio abusivo de funciones, el tráfico de influencias, el cohecho, el peculado, el enriquecimiento ilícito y las 34 conductas señaladas como delitos contra la administración pública en el Código Penal Federal —reformado en el año 2016— así como los delitos electorales, detallan las conductas que deben castigarse. La corrupción es, en cambio, el fenómeno que auspicia esas conductas.

Esos delitos se cometen cuando los servidores públicos asumen que son dueños del Estado: cuando capturan sus recursos como si fueran cosa propia, ya sea para acrecentar su riqueza o su poder. La corrupción se vuelve sistema cuando se reparten puestos entre los amigos y los leales; cuando no hay archivos ni registros suficientes; cuando se prefiere la opacidad sobre la transparencia; cuando el presupuesto se asigna sin mandatos claros y verificables; cuando el dinero público se gasta por razones clientelares; cuando se asignan contratos de obras y de adquisiciones públicas sin licitaciones; cuando los controles internos privilegian la lealtad y abandonan la eficacia, la eficiencia y la economía; cuando las auditorías se someten a los intereses del poder; cuando no se rinden cuentas sobre los resultados obtenidos y nadie es sancionado por sus fracasos o su negligencia; cuando no hay sistemas públicos de evaluación; cuando las oficinas y los cargos públicos se usan para favorecer partidos y campañas.

Si se quieren evitar los delitos enlistados, es preciso modificar las causas que los generan. Mientras siga divulgándose la idea según la cual la corrupción es solamente cosa de corruptos y no de prácticas nacidas en el corazón mismo del Estado, y mientras siga repitiéndose —por conveniencia o convicción— que se trata de una batalla de buenos contra malos, la corrupción seguirá siendo sistémica, seguirán abriéndose expedientes para castigar a unos y proteger a otros y seguirán vigentes los escándalos de turno.

La corrupción ha sido y sigue siendo un sistema de captura del Estado. Mientras eso no se entienda, lo único que habrá cambiado serán los nombres de los corruptos que estén de moda.

Investigador del CIDE

 
",,http://www.eluniversal.com.mx/opinion/mauricio-merino/con-palitos-y-bolitas
"
Hace poco más de un año, en el lejanísimo julio del 2019, escribí en este mismo espacio una reflexión sobre la que llamé “la generación dorada” del partido demócrata en Estados Unidos. En aquel entonces, la pelea por la candidatura de ese partido apenas comenzaba, y los aspirantes eran tantos que los organizadores de los primeros debates se vieron obligados a separar en dos noches la confrontación de ideas entre los candidatos. El riesgo para los demócratas era evidente. Con tal cantidad de aspirantes defendiendo posiciones distintas y, en el peor de los casos, difíciles de reconciliar, existía la posibilidad real de una fractura mucho peor a la que había dividido al partido en el 2016, cuando los simpatizantes de Bernie Sanders y Hillary Clinton no lograron reconciliarse plenamente. Pero, así como existía un riesgo considerable, los demócratas también tenían frente a sí una oportunidad histórica. En esa columna de julio del año pasado sugerí que, si los demócratas conseguían evitar la tentación de nominar a un radical que ahuyentara a los votantes de centro y lograban unirse en respaldo a un candidato moderado e incluyente, el partido tendría la posibilidad de construir una coalición de alcance inédito.  
            Hasta principios de marzo de este año, los demócratas parecían obstinados en elegir el camino opuesto a la sensatez. En un momento dado, el triunfo del senador demócrata socialista Bernie Sanders parecía inevitable. Nominar a Sanders habría sido un error mayúsculo, otorgándole a Trump la posibilidad de caricaturizar al candidato demócrata como una suerte de reliquia de la Guerra Fría y, quizá más peligroso todavía, arriesgando la cohesión del partido. Al final, el triunfo de Joe Biden y la elección de Kamala Harris como candidata vicepresidencia enderezaron el barco. El que parecía un partido condenado a la fractura estructural y el suicidio ideológico se convirtió en un ejemplo de pragmatismo, concentrado ya no en batallas por la supremacía interna sino en derrotar al enemigo en común: Donald Trump. El futuro del partido seguramente está en el movimiento progresista de Sanders, pero no habrá movimiento progresista posible si Trump sigue en el poder. Que los demócratas, empezando por el propio Sanders, lo hayan entendido a cabalidad es una gran noticia para su causa.
            La magnitud de la coalición que se ha congregado alrededor de Biden y Harris quedó de manifiesto en la convención nacional demócrata de la semana pasada. El formato virtual resultó, curiosamente, más eficaz como herramienta de comunicación que las reuniones multitudinarias de otros años. El desfile de rostros y discursos en un entorno más íntimo que un escenario enorme y ruidoso en una arena deportiva le permitió a los demócratas presentar a detalle su coalición. El resultado fue notable. Biden puede presumir de contar con el apoyo del ala progresista del partido –con Warren, Sanders y Ocasio-Cortez como protagonistas– y de los moderados, donde destacan Bloomberg, Harris, Booker y Buttigieg. No solo eso. En un acto de repudio muy pocas veces visto, varios republicanos se sumaron a la celebración demócrata para apoyar a Biden y repudiar a Trump. Vale la pena notar también la representación generacional y la presencia de ciudadanos comunes y corrientes (también vimos celebridades, que importan menos pero importan). Y, por supuesto, las figuras fundacionales del partido demócrata moderno: los Clinton y los Obama.
El expresidente Obama, en particular, resultó memorable. Obama explicó que la elección de noviembre es más que una decisión a corto plazo. La elección presidencial del 2020, dijo Obama, es una batalla por la democracia de Estados Unidos. No exagera. Trump ha demostrado con creces su desprecio por las instituciones de la democracia liberal del país que gobierna. Un triunfo suyo en noviembre hundiría al país en la incertidumbre y radicalizaría por años a ambos partidos.
Por ahora, sin embargo, los demócratas tienen ventaja. El triunfo de Biden no es, ni de lejos, asunto cerrado. Trump va a intentar cambiar el humor del país promoviendo el descubrimiento de una vacuna, por prematuro que sea. Pero algo está claro: si el partido demócrata no logra vencer a Trump con una coalición de esta amplitud, durante la peor pandemia del último siglo y la más profunda crisis económica de los último 90 años… si estos demócratas no pueden vencer a Trump en estas circunstancias, habrá que comenzar a considerar el réquiem no solo por la democracia estadounidense sino por el alma misma de ese país. 
",,http://www.eluniversal.com.mx/opinion/leon-krauze/contra-trump-ahora-o-nunca
"

El titular de la SEP, Esteban Moctezuma, defendió el regreso a clases a distancia y el inicio del ciclo escolar 2020-2021, por lo que espera que el país salga adelante en un esquema de esfuerzo colectivo.

En conferencia de prensa reconoció que el esquema de educación a distancia que arranca hoy representó un reto y un gran esfuerzo.

Dijo que el país decidió continuar con la educación a pesar de que muchas naciones no hicieron lo mismo.

“Hoy lo vemos con naturalidad, pero les puedo decir que ninguno de nosotros estudió para ver cómo se educa en una pandemia”, señaló.

México respondió con medidas extraordinarias que han logrado mantener el cauce de la educación pública, que mantuvo el aprendizaje y la relación entre alumnos y maestros, agregó.

“Mientras hay países que cancelaron el ciclo escolar, los cuales dijeron: ‘Nos vemos el año que entra, todos aprobados y se cierra el aprendizaje’, México continuó en las condiciones en las que estamos, haciendo el mayor y mejor esfuerzo posible”, manifestó.

Pidió a los padres de familia crear un horario estricto para que sus hijos tomen clases como si fueran a la escuela, tener un espacio dedicado al trabajo escolar y acompañarlos.

Dijo que cuando los niños puedan regresar a clases presenciales y las escuelas estén en posibilidades de abrir, el regreso se hará en tres etapas de un modelo de educación mixa para mantener la sana distancia y hacer una evaluación diagnóstica que indique en qué condiciones regresarían los estudiantes.

“Habrá familias que a sus hijos les puedan dar los medios para aprender, por lo que ellos podrán estar en un ambiente adecuado, pero hay otras con problemas de todo tipo que no les pueden dar a sus niños el ambiente que necesitarán. Van a llegar a la escuela en situaciones distintas. Debemos tener sensibilidad para dar un tratamiento personalizado, van a tener que evaluar a cada niño”, dijo.

Adelantó que en ese momento se dividirán los grupos, de manera que la mitad vaya unos días y la otra mitad, el resto de la semana.

Los alumnos más rezagados tendrán apoyo especial los viernes. También destacó que habrá un centro de apoyo pedagógico a distancia, el cual será un número de ayuda con 160 líneas telefónicas y ahí se podrá consultar cualquier duda que tengan con respecto a las clases.
",,https://www.eluniversal.com.mx/nacion/defiende-sep-regreso-clases-distancia
"
La madrugada del 3 de julio, soldados dispararon centenares de veces con armas largas y a corta distancia, contra una camioneta en donde viajan presuntamente miembros de la delincuencia organizada, en Nuevo Laredo, Tamaulipas.
La versión oficial señalaba que después del cese al fuego no hubo nadie que tuviera signos vitales y así fue que presentaron 12 personas muertas después de un enfrentamiento, pero un video en poder de El Universal revela lo contrario. En el video se ve que una persona se mueve en la caja de la pick up que acaba de recibir al menos 243 disparos. A su lado hay cuerpos. Frente a él están cinco soldados mexicanos apuntándole con lámparas y armas. Los militares gritan, “¡está vivo!” y un militar ordena, “mátalo a la verga”.
Un elemento del ejército mexicano lleva una cámara pegada al casco, como parte del protocolo de operaciones urbanas. Está frente a una ametralladora que está puesta sobre una camioneta Cheyene. Dispara de frente apuntando a una camioneta pick up color plata. Se le acaban las balas y pide más municiones. Esto lo repite cuatro veces. Tiene problemas para cargar mientras están en la persecución.
Antes de esto, cuatro vehículos oficiales realizaban reconocimientos motorizados sobre la calle A. Valdez Reyna de la colonia Nueva Era, al salir hacia la carretera Aeropuerto con rumbo al norte, fueron agredidos con armas de fuego por miembros de la delincuencia organizada, revela el informe policial homologado al que El Universal tuvo acceso.
Eran tres camionetas tipo pick up que llevaban personas armadas. El ejército repelió la agresión y les dio seguimiento. Más adelante, dos de esas tres camionetas darían un giro en U y dispararían a los militares, dejando un vehículo inmovilizado. Los demás vehículos militares siguieron a la pick up color plata.
También lee: “Tiran a matar”. Investigan a militares
Mientras el soldado está cargando su ametralladora, un vehículo blindado del ejército, modelos Sancat, golpea por detrás a la pick up plata y provoca que pierda el control, cruce el camellón y se quede en sentido contrario y del lado opuesto de la carretera.
En todo este momento no se ve que las personas de la pick up perseguida disparen contra el ejército, un soldado declaró que usó 27 cartuchos en el evento, otro más al menos 70 disparos.
Cuando queda del otro lado de la carretera una persona intenta abrir una puerta, pero no baja. Del lado del piloto salen dos personas y son abatidas metros más adelante. Desde que se dio el golpe, el ejército no ha dejado de disparar a la camioneta.
Llegan ahora dos vehículos más del ejército, una cheyene con ametralladora y otro sancat y disparan a corta distancia. La cantidad de impactos es tal que parte de la caja de la pick up prende una llama.
Llegan otros dos vehículos del ejército, otra cheyene y otra sancat, se unen a los disparos.
En este tiempo, un militar ya pidió el cese al fuego. Esto dura sólo uno segundos cuando los elementos vuelven a disparar.
También lee: Mueren seis militares en accidente vehicular en Tijuana
Se escucha por la radio que piden por sanidad, “que no se acerque nadie”. Y militares que ya están a pie se acercan a los que salieron corriendo y recibieron disparos y les vuelven a tirar a corta distancia.
Un soldado se acerca a todos los vehículos para preguntar si todos están bien. Responden que sí. En el informe, afirman que los vehículos recibieron 9, 7 y 7 disparos, ninguna baja.
Más militares están rodeando la camioneta. Llevan lámparas y armas. Se acercan cinco a ver la caja de la pick up, alguien se mueve. Ordenan matarlo, ahí se corta. El video tiene una duración de 4:16 minutos.


Los presuntos delincuentes
El 14 de julio, 11 días después de los hechos, El Universal reveló que, en el enfrentamiento con presuntos delincuentes, se encontraban también tres civiles que estaban secuestrados por integrantes del crimen organizado. Eran tres jóvenes: uno, migrante de Chiapas; otro, un estudiante universitario, y del tercero que se sigue sin tener información. Estas tres personas fueron incluidas entre los 12 presuntos delincuentes que efectivos de la Secretaría de la Defensa Nacional (Sedena) aseguran haber abatido, sin registrar ninguna baja.
Estas personas estaban secuestradas, llevaban manos y pies amarrados. Dos de ellos recibieron un impacto de bala en el tórax, de arriba hacia abajo, y el tercero murió de un balazo en el cráneo, disparado de uno a tres metros de distancia.
A diferencia de los demás cuerpos, estos tres sólo tenían un impacto de bala. Fotografías en poder de este diario revelan cómo los cuerpos presentan grandes cantidades de disparos.
En esa fecha la Sedena, al ser cuestionada por El Universal, explicaron que “En el momento en que termina el evento, la agresión, si no hay personas que pueda recibir atención médica, se informa a la FGR”, y así lo hicieron, informaron que nadie tenía signos vitales.
Los familiares de las víctimas presentaron denuncias contra la Sedena ante la Fiscalía General de la República por el delito de homicidio doloso, a una semana de los hechos.
La Sedena, consultada al respecto, explicó que el procedimiento es que si hay un delito ellos investigan y sancionan. “Si alguien comete un delito. Aquí no hay impunidad. No existe que se solape a nadie. En todas las ocasiones en las que se ha determinado a través de una investigación que hay responsabilidad del personal militar, siempre la institución ha investigado y si hay responsabilidad, se ha procedido. Es algo que siempre se ha hecho. No es nuevo”.
También lee: Militares abaten a dos hombres durante ataque en Aguililla, Michoacán

El uso de cámaras
Como se aprecia en el video, hay señales de que al menos hay una persona con vida. Este video es parte de una versión completa que las autoridades militares tienen.
El Manual de Uso de la Fuerza de aplicación común a las Tres Fuerzas Armadas, emitido durante la anterior administración por los Secretarios de la Defensa y de la Marina, publicado en el Diario Oficial de la Federación el 30 de mayo de 2014, disponía el uso de cámaras en los operativos para documentar los incidentes e interacciones con la población civil y contar con las evidencias de que la actuación del personal de las fuerzas armadas es respetuosa de los derechos humanos. Ya en este sexenio, la Ley Nacional de Uso de la Fuerza aprobada por el Congreso de la Unión y publicada en el DOF en mayo de 2019, dispuso en su artículo 30 fracción XI lo siguiente: “Es legal grabar o filmar el desarrollo del operativo, desde el inicio hasta la conclusión del mismo.”
De 2010 a la fecha se han mostrado, tomando como referencia las recomendaciones de la CNDH, el patrón de actuación de las Fuerzas Armadas consistente en alterar la evidencia cuando incurren en violaciones a derechos humanos documentando en al menos siete casos, seis contra Sedena y una más contra Semar.
Para Santiago Aguirre, director del Centro de Derechos Humanos Miguel Agustín Pro Juárez (Centro Prodh), estos hechos confirman los riesgos de la decisión de profundizar la militarización de la seguridad, que se hizo patente primero con la creación de la Guardia Nacional, civil sólo en la letra, y después en el Acuerdo Presidencial publicado el 11 de mayo de 2020 que daría permiso a los militares de tener labores de policías.
“Por ello, al mantener el despliegue militar sin controles efectivos y al tolerar que siga el sistemático encubrimiento castrense a las violaciones a derechos humanos, sin duda podría hablarse de complicidad y esto podría afirmarse en mayor medida si tras la revelación del video completo no son llevados los perpetradores ante la justicia civil”.
En México se ha logrado documentar que en el ámbito castrense que sí han existido órdenes escritas explícitas que instruyen a los efectivos castrenses conductas contrarias a los derechos humanos. Así lo probó el Centro Prodh en el caso Tlatlaya, ocurrido en 2014
Adicionalmente, investigaciones periodísticas como el proyecto “Cadena de Mando”, han documentado que en los cuerpos castrenses que tienen presencia en los estados con mayor violencia, lo que la tropa recibe como instrucción de ciertos mandos sobre el uso de la fuerza es a menudo un conjunto de órdenes verbales de contenido implícito o sobreentendido sobre la posibilidad de emplear medios no compatibles con los derechos humanos, incluyendo las ejecuciones extrajudiciales, explica Aguirre.
Para José Miguel Vivanco, director de la División de las Américas de Human Right Watch, este hecho es alarmante, “consistente con los patrones de conducta que hemos documentando por parte de las fuerzas armadas durante décadas. ¿Cuántos de los más de 70 mil mexicanos desaparecidos desde 2006 habrán muerto de esta manera? No lo sabemos. Lo que sí sabemos con certeza es que el presidente López Obrador pudo haber terminado con la política de mandar al ejército a patrullar calles. Pero en cambio, les ha dado más responsabilidad que nunca a los militares”.
",,http://www.eluniversal.com.mx/nacion/esta-vivo-matalo-militares-ordenan-asesinar-civil
"

El Covid-19 ampliará las brechas de desigualdad en el aprendizaje entre estudiantes que provienen de contextos de mayor vulnerabilidad y quienes no, alertaron organismos internacionales como la OCDE, el Programa de la ONU para el Desarrollo y el Foro Económico Mundial.

“Los estudiantes de contextos socioeconómicos pobres sufrirán más y tendrán un mayor riesgo de vivir con consecuencias a largo plazo en sus logros de aprendizaje y en última instancia, oportunidades”, señaló la Organización para la Cooperación y el Desarrollo Económicos (OCDE).

Hoy regresarán a clases 30 millones 466 mil estudiantes de educación obligatoria, es decir: 4 millones 780 mil 787 de preescolar; 13 millones 972 mil 269 de primaria; 6 millones 473 mil 608 de secundaria; y 5 millones 239 mil 675 de bachillerato. Lo harán desde casa, a través de clases a distancia en un esquema televisivo y en línea por el programa Aprende en Casa II.

Esto quiere decir que seguirán las clases diseñadas para ellos que se transmitirán en televisión, además deberán mantener comunicación y contacto con sus profesores por teléfono o redes sociales, descargar materiales educativos a través de las plataformas de la SEP y entregar tareas y evaluaciones vía correo electrónico o por WhatsApp.
 También lee: Regreso a clases: Tips para madres, padres y tutores

En México, en promedio 80% de los estudiantes ricos y 45% de los alumnos de clase media en educación primaria tienen computadora e internet en casa; en comparación con menos de 5% de los estudiantes pobres y menos de 15% en situación vulnerable, alertó la OCDE.

Según el Programa de la ONU para el Desarrollo, en México sólo 44.3% de los hogares cuentan con computadora y 56.4% tienen conexión a internet; la situación se agrava en las comunidades rurales donde la proporción disminuye hasta 20.6% y 23.4%. Nueve de cada 10 hogares del nivel socioeconómico alto cuenta con internet, en comparación con dos de cada 10 hogares de estratos económicos menos favorecidos.

“La realidad en México es que muchos hogares, principalmente los rurales e indígenas, no cuentan con las condiciones para que sus alumnos sigan las clases o entreguen las tareas que se les exigen, lo que afecta a jóvenes de manera desproporcionada”, señala.

En tiempos de Covid y con las escuelas cerradas, estas diferencias resultarán claves; por ejemplo, en la habilidad de los padres de familia de utilizar la tecnología para ayudar a sus hijos o que muchos niños tendrán que compartir con sus hermanos y sus padres los teléfonos para aprender.
 También lee: IPN iniciará sus actividades a distancia este lunes

El Foro Económico Mundial (FEM) analizó que el coronavirus ha expuesto la fragilidad de los sistemas educativos y ha ampliado la brecha de inequidad.

“La transición a las clases en línea ha impactado a las comunidades más vulnerables de una manera desproporcionada. Con las medidas de confinamiento muchos estudiantes no tienen la posibilidad de conseguir mejores conexiones a internet y el acceso digital pasó de ser un lujo a un activo esencial para la vida.

“Las brechas de desigualdad ya eran muy amplias antes de esta pandemia, pero después de ella serán más evidentes que nunca. Quienes no tengan acceso a una televisión, computadora o internet perderán la posibilidad de acceder a una forma de educación más sólida”, dijo Karen Lizette Matias López, de la Red Mujeres Unidas por la Educación.

Pedro Hernández, director de primaria y líder de la CNTE en la Ciudad de México, explicó que muchos colegios particulares tuvieron menos dificultades para pasar del sistema de enseñanza presencial a la virtual, lo que no ocurrió en las escuelas públicas.
 También lee: Lo que debes de saber sobre el regreso a clases a distancia

“Hemos tenido que improvisar muchas cosas los maestros. Así como se hizo un convenio con las televisoras, también podría hacerse con las empresas de internet, que si accedes a una página educativa no gastes tus datos; tecnológicamente se puede hacer”, reflexionó.

David Calderón, de Mexicanos Primero, dice que una de las consecuencias más graves que tendrá esta profundización de desigualdad será la deserción escolar que la propia SEP reconoció.
",,http://www.eluniversal.com.mx/nacion/con-computadora-solo-5-de-los-estudiantes-pobres-en-el-regreso-clases
"
El gobierno de la Cuarta Transformación se ha convertido en un blanco perfecto para los hackers internacionales por la casi nula inversión en servicios de tecnología y seguridad informática, lo que ha dejado vulnerables los sistemas estratégicos de la mayoría de las dependencias públicas.
En lo que va del sexenio se han concretado por lo menos cinco grandes ciberataques a instituciones de gobierno o empresas productivas del Estado, de una cantidad de intentos de penetración a las plataformas gubernamentales que se cuentan en más de 100 millones de pesos.
Entre los casos más sonados, por la gravedad de los ataques y sus consecuencias, están el de la Secretaría de Economía, a cargo de Graciela Márquez, y el de Petróleos Mexicanos, que encabeza Octavio Romero, en el que los delincuentes exigían un pago de 5 millones de dólares para liberar los sistemas.
Estos son apenas algunos indicios de un posible desastre que parece inminente ante una reducción de hasta tres cuartas partes del presupuesto destinado a la tecnología, e incluso hasta la cancelación o el impago de licencias de los sistemas operativos para apostar por los llamados softwares libres.
En números fríos son casi 200 mil millones de pesos los que el gobierno dejará de ejercer en los capítulos 2000 y 3000 del Presupuesto de Egresos de la Federación, correspondientes a “materiales y suministros” y “servicios generales”, respectivamente, rubros con los que suele modernizarse y fortalecerse las plataformas tecnológicas de las dependencias.
El decreto de austeridad, publicado en el Diario Oficial de la Federación el pasado 23 de abril, obligó a las unidades compradoras a reducir en 75% su presupuesto en esta materia, bajo las necesidades económicas que le representaría al país la pandemia por Covid-19, pero materializado en un escenario en el que el trabajo a distancia incrementa los riesgos de fuga de datos.
A esto se suman las intenciones de la administración de Andrés Manuel López Obrador por transferir sus plataformas operativas hacia los llamados softwares libres como OpenOffice o el tradicional Linux, las cuales podrían alcanzar efectivamente niveles aceptables de funcionalidad, pero incrementar el riesgo de fallas al carecer éstas de algún tipo de garantía.
La idea, con fines de austeridad extrema, se ve materializada en el ejercicio del gasto de los dos primeros años de gobierno, pues secretarías de Estado y oficinas de gobierno han dejado de pagar las licencias para el uso de programas y sistemas operativos de las grandes corporaciones tecnológicas.
De 2018 a 2019, por ejemplo, el gasto gubernamental para pagar las licencias de Microsoft Corporation descendió 99%, al pasar de más de 3 mil 800 millones de pesos en el último año de Enrique Peña Nieto a tan sólo 45 millones en el primer año de la Cuarta Transformación, según la plataforma Compranet.
A pesar de que en diversos contratos firmados en 2018 se contempló una vigencia multianual, la mayoría de ellos venció a principios de 2019 y únicamente se mantienen activos los de unas pocas unidades relacionadas principalmente con la Secretaría de Hacienda.
El panorama en el corto plazo no cambiará, puesto que incluso la licitación que desde la Oficialía Mayor de Hacienda de Raquel Buenrostro se preparaba el año pasado para la compra consolidada de tecnología, hoy con Thalía Lagunas ha quedado en el olvido, dejando como único beneficiario de estas decisiones a los delincuentes cibernéticos de alcance nacional e internacional.

Reviven espionaje en la 4T
En 2017, periodistas como Carmen Aristegui, Sebastián Barragán, Daniel Lizárraga, Carlos Loret de Mola y Salvador Camarena denunciaron intentos del gobierno de Enrique Peña Nieto para espiarlos mediante el software israelí, Pegasus. A la lista, se añadieron abogados que investigaban la desaparición de los 43 estudiantes de Ayotzinapa, defensores de derechos humanos y activistas.
En aquellos tiempos nadie dudaba que también se utilizaba para espiar a la familia, operadores, empresarios y políticos que apoyaban al entonces candidato Andrés Manuel López Obrador.
La semana pasada se reactivó la filtración de audios y videos, justo cuando el Presidente arremetió contra puertos y la corrupción que existe en varias Administraciones Portuarias.
Una de las hipótesis de los equipos de seguridad del gobierno federal es que detrás de la filtración del video relacionado con el hermano del presidente estaría Guillermo Ruiz de Teresa, cuyo sobrino, Rodrigo Ruiz de Teresa Treviño, estuvo involucrado en el escándalo de la administración priista mediante Balam Seguridad Privada, empresa que de acuerdo con Wikileaks tenía entre sus filiales a Grupo Tech Bull, la cual vendió el polémico sistema a la antes PGR, entonces al mando de Jesús Murillo Karam.
Los Ruiz de Teresa negaron que tenían relación con Pegasus, pero ahora todo apunta a que el tema es personal contra el Presidente, así que no habrá límites para revisar a fondo todo lo relacionado a este software espía, los reportes y todo para lo cual fue utilizado.

Piedra en el zapato en SCT
Uno de los temas que le hace mucho ruido a Jorge Arganis Díaz Leal, desde su llegada a la Secretaría de Comunicaciones y Transportes, es el conflicto de interés que pueda estar ejerciendo el actual subsecretario de Infraestructura, Cedric Escalante Sauri, quien ha sido constantemente señalado de encabezar una red para favorecer a empresarios para la asignación de contratos de construcción y mantenimiento.
Al interior de la dependencia tampoco hace gracia que la SCT trabaje con gente expulsada de la CMIC, de Eduardo Ramírez, y denunciada penalmente como el exdiputado panista Marcos Salas, quien fue echado del organismo por la toma indebida y violenta de las instalaciones de la Delegación Estatal de la Cámara en Xalapa, Veracruz, y que se presume hoy es el operador político de Escalante para favorecer a un grupo selecto de constructores.
Así, el binomio Escalante-Salas tuvo su última evidencia el pasado 28 de junio cuando la firma Grupo Constructor Empresarial Taurus SA. de CV. se hizo del contrato para el mantenimiento en el camino Tlapacoyan- Plan de Arroyos. La situación podría llegar al escritorio de Olga Sánchez Cordero en Gobernación, y de la misma Función Pública, de Irma Eréndira Sandoval, pues se sabe que empresarios del sector tienen armado un expediente del subsecretario, quien antes de ser empresario, estuvo 24 años en diversos cargos de la misma SCT.

@MarioMal
",,http://www.eluniversal.com.mx/opinion/mario-maldonado/hackers-atacan-la-4t-por-falta-de-inversion
"

Broojula con Ana Paula Ordorica · 24 de agosto, 2020 - Diálogo de sordos
",,https://www.eluniversal.com.mx/nacion/dialogo-de-sordos
"

El Covid-19 ampliará las brechas de desigualdad en el aprendizaje entre estudiantes que provienen de contextos de mayor vulnerabilidad y quienes no, alertaron organismos internacionales como la OCDE, el Programa de la ONU para el Desarrollo y el Foro Económico Mundial.

“Los estudiantes de contextos socioeconómicos pobres sufrirán más y tendrán un mayor riesgo de vivir con consecuencias a largo plazo en sus logros de aprendizaje y en última instancia, oportunidades”, señaló la Organización para la Cooperación y el Desarrollo Económicos (OCDE).

Hoy regresarán a clases 30 millones 466 mil estudiantes de educación obligatoria, es decir: 4 millones 780 mil 787 de preescolar; 13 millones 972 mil 269 de primaria; 6 millones 473 mil 608 de secundaria; y 5 millones 239 mil 675 de bachillerato. Lo harán desde casa, a través de clases a distancia en un esquema televisivo y en línea por el programa Aprende en Casa II.

Esto quiere decir que seguirán las clases diseñadas para ellos que se transmitirán en televisión, además deberán mantener comunicación y contacto con sus profesores por teléfono o redes sociales, descargar materiales educativos a través de las plataformas de la SEP y entregar tareas y evaluaciones vía correo electrónico o por WhatsApp.
 También lee: Regreso a clases: Tips para madres, padres y tutores

En México, en promedio 80% de los estudiantes ricos y 45% de los alumnos de clase media en educación primaria tienen computadora e internet en casa; en comparación con menos de 5% de los estudiantes pobres y menos de 15% en situación vulnerable, alertó la OCDE.

Según el Programa de la ONU para el Desarrollo, en México sólo 44.3% de los hogares cuentan con computadora y 56.4% tienen conexión a internet; la situación se agrava en las comunidades rurales donde la proporción disminuye hasta 20.6% y 23.4%. Nueve de cada 10 hogares del nivel socioeconómico alto cuenta con internet, en comparación con dos de cada 10 hogares de estratos económicos menos favorecidos.

“La realidad en México es que muchos hogares, principalmente los rurales e indígenas, no cuentan con las condiciones para que sus alumnos sigan las clases o entreguen las tareas que se les exigen, lo que afecta a jóvenes de manera desproporcionada”, señala.

En tiempos de Covid y con las escuelas cerradas, estas diferencias resultarán claves; por ejemplo, en la habilidad de los padres de familia de utilizar la tecnología para ayudar a sus hijos o que muchos niños tendrán que compartir con sus hermanos y sus padres los teléfonos para aprender.
 También lee: IPN iniciará sus actividades a distancia este lunes

El Foro Económico Mundial (FEM) analizó que el coronavirus ha expuesto la fragilidad de los sistemas educativos y ha ampliado la brecha de inequidad.

“La transición a las clases en línea ha impactado a las comunidades más vulnerables de una manera desproporcionada. Con las medidas de confinamiento muchos estudiantes no tienen la posibilidad de conseguir mejores conexiones a internet y el acceso digital pasó de ser un lujo a un activo esencial para la vida.

“Las brechas de desigualdad ya eran muy amplias antes de esta pandemia, pero después de ella serán más evidentes que nunca. Quienes no tengan acceso a una televisión, computadora o internet perderán la posibilidad de acceder a una forma de educación más sólida”, dijo Karen Lizette Matias López, de la Red Mujeres Unidas por la Educación.

Pedro Hernández, director de primaria y líder de la CNTE en la Ciudad de México, explicó que muchos colegios particulares tuvieron menos dificultades para pasar del sistema de enseñanza presencial a la virtual, lo que no ocurrió en las escuelas públicas.
 También lee: Lo que debes de saber sobre el regreso a clases a distancia

“Hemos tenido que improvisar muchas cosas los maestros. Así como se hizo un convenio con las televisoras, también podría hacerse con las empresas de internet, que si accedes a una página educativa no gastes tus datos; tecnológicamente se puede hacer”, reflexionó.

David Calderón, de Mexicanos Primero, dice que una de las consecuencias más graves que tendrá esta profundización de desigualdad será la deserción escolar que la propia SEP reconoció.
",,https://www.eluniversal.com.mx/nacion/con-computadora-solo-5-de-los-estudiantes-pobres-en-el-regreso-clases
"
Desde hace unas semanas, la Secretaría de Educación Pública (SEP) dio a conocer los horarios y canales de televisión en los que será transmitida la programación de Aprende en Casa II.
Los contenidos educativos para el ciclo escolar 2020-2021 se transmitirán todos los días entre las 07:30 de la mañana y las 23:00 horas. Habrá repeticiones de los contenidos y no se transmitirán publicidad ni propaganda de ningún tipo: ni comerciales, del gobierno ni de los partidos políticos.
Los programas y contenidos educativos de educación a distancia se organizaron de acuerdo con el número de estudiantes que tiene cada subsistema: habrá 3 canales para educación básica y 2 para media superior.
Para educación básica que comprende preescolar, primaria, secundaria se transmitirán por los siguientes canales 11.2, 5.2, 7.3 y 3.2 a través de Canal Once, Televisa, Tv Azteca, Ingenio Tv e Imagen Televisión.



Mexico will broadcast classes on TV, children will stay at home 







Por su parte, Educación Media Superior se transmitirá en los canales 14.2 y 6.3 canales de Ingenio Tv y Milenio.


Barras de programación educación básica y bachillerato
La programación para eduación básica se dividió en tres barras, la primera es dedicada a educación inicial y educación especial; la segunda es para preescolar y la tercera para educación primaria. Ésta se transmitirá en diversos horarios y canales de televisión para poder ser consultados en el tiempo que tenga disponible el menor, así como las madres, padres y tutores.
Te presentamos los horarios:

Para secundaria así serán los horarios para los tres grados:

Mientras que para bachillerato, estos son los horarios:


Programa tu televisor con los nuevos canales
Debido a que se agregaron nuevos canales para la transmisión de la programación Aprende en Casa II, el secretario de Educación Pública exhortó a las familias a programar los canales en sus televisores, ya que en algunos no se hace de manera automática.
Te explicamos cómo programar tu televisión de acuerdo a un video presentado por la SEP.
1.- Oprime el botón MENÚ de tu control remoto y selecciona instalación o configuración.
2.- Selecciona búsqueda de canales o similar.
3.- Elige búsqueda automática o sincronizar nuevos canales.
4.- Espera a que el receptor encuentre todos los canales disponibles.
5.- Cambia el canal y encuentra Televisa 5.2, One Niñas y niños 11.2, TV Azteca 7.3, Imagen Televisión 3.2, Milenio Televisión 6.3 e Ingenio TV 14.2.

Con información de Teresa Moreno
",,https://www.eluniversal.com.mx/nacion/regreso-clases-consulta-los-horarios-y-canales
"
Desde que comenzó la contingencia sanitaria a causa del Covid-19, muchas empresas apostaron por el esquema del Home Office, siendo las videoconferencias — especialmente de zoom— el medio de comunicación que se tenía para estar contacto.
Ahora, ya no es suficiente conectarse a través de una videoconferencia pues, en muchos casos, se requiere compartir al mismo tiempo la información a través de redes sociales; por ejemplo, en Facebook.
Existen programas con los que puedes hacerlo, uno de ellos es Open Broadcaster Software, conocido sencillamente como OBS. Es una aplicación gratuita que permite la grabación y transmisión de videos por las redes sociales.
Afortunadamente, también puedes compartir una videoconferencia de zoom por Facebook sin descargar ninguna plataforma adicional. Aquí te decimos cómo hacerlo. Es muy rápido y sencillo.
Leer también: Facebook fusiona los chats de Messenger e Instagram
Antes que todo, tienes que hacerlo en un ordenador de escritorio o en una laptop. No puedes compartir tu videoconferencia por medio de un smartphone, iPad o tablet.
Primero, necesitas iniciar tu videoconferencia en zoom. Desconecta, por el momento, la cámara.
Abre tu perfil de Facebook o a la página a través de la cual quieres transmitir. Busca el ícono de la cámara que se llama “Video en vivo”.
Si lo abres por primera vez te aparecerán los permisos que requiere Facebook: acceder a la cámara y el micrófono de tu ordenador.


Del lado izquierdo encontrarás las opciones para transmitir: Transmitir ahora o Programa un video en vivo. Selecciona la que necesites.

Leer también: El caso del iPod ultrasecreto fabricado por el gobierno de Estados Unidos

Abajo encontrarás en dónde quieres compartir el video en vivo: en tu biografía o en una página que administras. Selecciona la que requieras.
Ahí mismo puedes seleccionar la privacidad, es decir, quién puede verlo: Público, Amigos, Amigos excepto, Amigos concretos, Solo yo y Conocidos. Selecciona la que necesites.

Si lo deseas, puedes agregarle un título a tu videoconferencia y una pequeña descripción.
Finalmente, busca al centro una flechita. Baja la página, encontrarás las opciones para transmitir. Tienes que seleccionar Compartir Pantalla. Busca tu videoconferencia de zoom que tenías abierta y abre la cámara.
Eso es todo. Estarás transmitiendo en vivo a través de Facebook tu videoconferencia de zoom.

 
",,https://www.eluniversal.com.mx/techbit/como-transmitir-una-videoconferencia-de-zoom-traves-de-facebook
